Change Username, Wed Apr 28 02:28:32 EEST 2021
Change Password, Wed Apr 28 02:28:32 EEST 2021
Add Quiz, Wed Apr 28 02:28:32 EEST 2021
Add Quiz, Wed Apr 28 02:28:32 EEST 2021
Delete Quiz, Wed Apr 28 02:28:32 EEST 2021
Add Chapter, Wed Apr 28 02:28:32 EEST 2021
Add Chapter, Wed Apr 28 02:28:32 EEST 2021
Add Chapter, Wed Apr 28 02:28:32 EEST 2021
Add Chapter, Wed Apr 28 02:28:32 EEST 2021
Add Chapter, Wed Apr 28 02:28:32 EEST 2021
Add Chapter, Wed Apr 28 02:28:32 EEST 2021
Add Chapter, Wed Apr 28 02:28:32 EEST 2021
Delete Chapter, Wed Apr 28 02:28:32 EEST 2021
Show Chapters, Wed Apr 28 02:28:32 EEST 2021
Show Number Of Quizzes, Wed Apr 28 02:28:32 EEST 2021
Change Username, Wed Apr 28 02:28:32 EEST 2021
Change Password, Wed Apr 28 02:28:32 EEST 2021
Add Course, Wed Apr 28 02:28:32 EEST 2021
Add Student, Wed Apr 28 02:28:32 EEST 2021
Add Student, Wed Apr 28 02:28:32 EEST 2021
Add Student, Wed Apr 28 02:28:32 EEST 2021
Add Student, Wed Apr 28 02:28:32 EEST 2021
Add Student, Wed Apr 28 02:28:32 EEST 2021
Add Student, Wed Apr 28 02:28:32 EEST 2021
Add Student, Wed Apr 28 02:28:32 EEST 2021
Add Student, Wed Apr 28 02:28:32 EEST 2021
Add Student, Wed Apr 28 02:28:32 EEST 2021
Add Student, Wed Apr 28 02:28:32 EEST 2021
Remove Student, Wed Apr 28 02:28:32 EEST 2021
Remove Student, Wed Apr 28 02:28:32 EEST 2021
Remove Student, Wed Apr 28 02:28:32 EEST 2021
Show Students, Wed Apr 28 02:28:32 EEST 2021
Show History, Wed Apr 28 02:28:32 EEST 2021
Change Username, Wed Apr 28 02:32:16 EEST 2021
Change Password, Wed Apr 28 02:32:16 EEST 2021
Add Quiz, Wed Apr 28 02:32:16 EEST 2021
Add Quiz, Wed Apr 28 02:32:16 EEST 2021
Delete Quiz, Wed Apr 28 02:32:16 EEST 2021
Add Chapter, Wed Apr 28 02:32:16 EEST 2021
Add Chapter, Wed Apr 28 02:32:16 EEST 2021
Add Chapter, Wed Apr 28 02:32:16 EEST 2021
Add Chapter, Wed Apr 28 02:32:16 EEST 2021
Add Chapter, Wed Apr 28 02:32:16 EEST 2021
Add Chapter, Wed Apr 28 02:32:16 EEST 2021
Add Chapter, Wed Apr 28 02:32:16 EEST 2021
Delete Chapter, Wed Apr 28 02:32:16 EEST 2021
Show Chapters, Wed Apr 28 02:32:16 EEST 2021
Show Number Of Quizzes, Wed Apr 28 02:32:16 EEST 2021
Change Username, Wed Apr 28 02:32:16 EEST 2021
Change Password, Wed Apr 28 02:32:16 EEST 2021
Add Course, Wed Apr 28 02:32:16 EEST 2021
Add Student, Wed Apr 28 02:32:16 EEST 2021
Add Student, Wed Apr 28 02:32:16 EEST 2021
Add Student, Wed Apr 28 02:32:16 EEST 2021
Add Student, Wed Apr 28 02:32:16 EEST 2021
Add Student, Wed Apr 28 02:32:16 EEST 2021
Add Student, Wed Apr 28 02:32:16 EEST 2021
Add Student, Wed Apr 28 02:32:16 EEST 2021
Add Student, Wed Apr 28 02:32:16 EEST 2021
Add Student, Wed Apr 28 02:32:16 EEST 2021
Add Student, Wed Apr 28 02:32:16 EEST 2021
Remove Student, Wed Apr 28 02:32:16 EEST 2021
Remove Student, Wed Apr 28 02:32:16 EEST 2021
Remove Student, Wed Apr 28 02:32:16 EEST 2021
Show Students, Wed Apr 28 02:32:16 EEST 2021
Show History, Wed Apr 28 02:32:16 EEST 2021
Change Username, Sun May 23 20:21:19 EEST 2021
Change Password, Sun May 23 20:21:19 EEST 2021
Add Quiz, Sun May 23 20:21:19 EEST 2021
Add Quiz, Sun May 23 20:21:19 EEST 2021
Delete Quiz, Sun May 23 20:21:19 EEST 2021
Add Chapter, Sun May 23 20:21:20 EEST 2021
Add Chapter, Sun May 23 20:21:20 EEST 2021
Add Chapter, Sun May 23 20:21:20 EEST 2021
Add Chapter, Sun May 23 20:21:20 EEST 2021
Add Chapter, Sun May 23 20:21:20 EEST 2021
Add Chapter, Sun May 23 20:21:20 EEST 2021
Add Chapter, Sun May 23 20:21:20 EEST 2021
Delete Chapter, Sun May 23 20:21:20 EEST 2021
Show Chapters, Sun May 23 20:21:20 EEST 2021
Show Number Of Quizzes, Sun May 23 20:21:20 EEST 2021
Change Username, Sun May 23 20:21:20 EEST 2021
Change Password, Sun May 23 20:21:20 EEST 2021
Add Course, Sun May 23 20:21:20 EEST 2021
Add Student, Sun May 23 20:21:20 EEST 2021
Add Student, Sun May 23 20:21:20 EEST 2021
Add Student, Sun May 23 20:21:20 EEST 2021
Add Student, Sun May 23 20:21:20 EEST 2021
Add Student, Sun May 23 20:21:20 EEST 2021
Add Student, Sun May 23 20:21:20 EEST 2021
Add Student, Sun May 23 20:21:20 EEST 2021
Add Student, Sun May 23 20:21:20 EEST 2021
Add Student, Sun May 23 20:21:20 EEST 2021
Add Student, Sun May 23 20:21:20 EEST 2021
Remove Student, Sun May 23 20:21:20 EEST 2021
Remove Student, Sun May 23 20:21:20 EEST 2021
Remove Student, Sun May 23 20:21:20 EEST 2021
Show Students, Sun May 23 20:21:20 EEST 2021
Show History, Sun May 23 20:21:20 EEST 2021
Change Username, Sun May 23 20:21:57 EEST 2021
Change Password, Sun May 23 20:21:57 EEST 2021
Add Quiz, Sun May 23 20:21:57 EEST 2021
Add Quiz, Sun May 23 20:21:57 EEST 2021
Delete Quiz, Sun May 23 20:21:57 EEST 2021
Add Chapter, Sun May 23 20:21:57 EEST 2021
Add Chapter, Sun May 23 20:21:57 EEST 2021
Add Chapter, Sun May 23 20:21:57 EEST 2021
Add Chapter, Sun May 23 20:21:57 EEST 2021
Add Chapter, Sun May 23 20:21:57 EEST 2021
Add Chapter, Sun May 23 20:21:57 EEST 2021
Add Chapter, Sun May 23 20:21:57 EEST 2021
Delete Chapter, Sun May 23 20:21:57 EEST 2021
Show Chapters, Sun May 23 20:21:57 EEST 2021
Show Number Of Quizzes, Sun May 23 20:21:57 EEST 2021
Change Username, Sun May 23 20:21:57 EEST 2021
Change Password, Sun May 23 20:21:57 EEST 2021
Add Course, Sun May 23 20:21:57 EEST 2021
Add Student, Sun May 23 20:21:57 EEST 2021
Add Student, Sun May 23 20:21:57 EEST 2021
Add Student, Sun May 23 20:21:57 EEST 2021
Add Student, Sun May 23 20:21:57 EEST 2021
Add Student, Sun May 23 20:21:57 EEST 2021
Add Student, Sun May 23 20:21:57 EEST 2021
Add Student, Sun May 23 20:21:57 EEST 2021
Add Student, Sun May 23 20:21:57 EEST 2021
Add Student, Sun May 23 20:21:57 EEST 2021
Add Student, Sun May 23 20:21:57 EEST 2021
Remove Student, Sun May 23 20:21:57 EEST 2021
Remove Student, Sun May 23 20:21:57 EEST 2021
Remove Student, Sun May 23 20:21:57 EEST 2021
Show Students, Sun May 23 20:21:57 EEST 2021
Show History, Sun May 23 20:21:57 EEST 2021
Change Username, Sun May 23 21:06:58 EEST 2021
Change Password, Sun May 23 21:06:58 EEST 2021
Add Quiz, Sun May 23 21:06:58 EEST 2021
Add Quiz, Sun May 23 21:06:58 EEST 2021
Delete Quiz, Sun May 23 21:06:58 EEST 2021
Add Chapter, Sun May 23 21:06:58 EEST 2021
Add Chapter, Sun May 23 21:06:58 EEST 2021
Add Chapter, Sun May 23 21:06:58 EEST 2021
Add Chapter, Sun May 23 21:06:58 EEST 2021
Add Chapter, Sun May 23 21:06:58 EEST 2021
Add Chapter, Sun May 23 21:06:58 EEST 2021
Add Chapter, Sun May 23 21:06:58 EEST 2021
Delete Chapter, Sun May 23 21:06:58 EEST 2021
Show Chapters, Sun May 23 21:06:58 EEST 2021
Show Number Of Quizzes, Sun May 23 21:06:58 EEST 2021
Change Username, Sun May 23 21:06:58 EEST 2021
Change Password, Sun May 23 21:06:58 EEST 2021
Add Course, Sun May 23 21:06:58 EEST 2021
Add Student, Sun May 23 21:06:58 EEST 2021
Add Student, Sun May 23 21:06:58 EEST 2021
Add Student, Sun May 23 21:06:58 EEST 2021
Add Student, Sun May 23 21:06:58 EEST 2021
Add Student, Sun May 23 21:06:58 EEST 2021
Add Student, Sun May 23 21:06:58 EEST 2021
Add Student, Sun May 23 21:06:58 EEST 2021
Add Student, Sun May 23 21:06:58 EEST 2021
Add Student, Sun May 23 21:06:58 EEST 2021
Add Student, Sun May 23 21:06:58 EEST 2021
Remove Student, Sun May 23 21:06:58 EEST 2021
Remove Student, Sun May 23 21:06:58 EEST 2021
Remove Student, Sun May 23 21:06:58 EEST 2021
Show Students, Sun May 23 21:06:58 EEST 2021
Show History, Sun May 23 21:06:58 EEST 2021
Change Username, Sun May 23 22:46:03 EEST 2021
Change Password, Sun May 23 22:46:03 EEST 2021
Add Quiz, Sun May 23 22:46:03 EEST 2021
Add Quiz, Sun May 23 22:46:03 EEST 2021
Delete Quiz, Sun May 23 22:46:03 EEST 2021
Add Chapter, Sun May 23 22:46:03 EEST 2021
Add Chapter, Sun May 23 22:46:03 EEST 2021
Add Chapter, Sun May 23 22:46:03 EEST 2021
Add Chapter, Sun May 23 22:46:03 EEST 2021
Add Chapter, Sun May 23 22:46:03 EEST 2021
Add Chapter, Sun May 23 22:46:03 EEST 2021
Add Chapter, Sun May 23 22:46:03 EEST 2021
Delete Chapter, Sun May 23 22:46:03 EEST 2021
Show Chapters, Sun May 23 22:46:03 EEST 2021
Show Number Of Quizzes, Sun May 23 22:46:03 EEST 2021
Change Username, Sun May 23 22:46:03 EEST 2021
Change Password, Sun May 23 22:46:03 EEST 2021
Add Course, Sun May 23 22:46:03 EEST 2021
Add Student, Sun May 23 22:46:03 EEST 2021
Add Student, Sun May 23 22:46:03 EEST 2021
Add Student, Sun May 23 22:46:03 EEST 2021
Add Student, Sun May 23 22:46:03 EEST 2021
Add Student, Sun May 23 22:46:03 EEST 2021
Add Student, Sun May 23 22:46:03 EEST 2021
Add Student, Sun May 23 22:46:03 EEST 2021
Add Student, Sun May 23 22:46:03 EEST 2021
Add Student, Sun May 23 22:46:03 EEST 2021
Add Student, Sun May 23 22:46:03 EEST 2021
Remove Student, Sun May 23 22:46:03 EEST 2021
Remove Student, Sun May 23 22:46:03 EEST 2021
Remove Student, Sun May 23 22:46:03 EEST 2021
Show Students, Sun May 23 22:46:03 EEST 2021
Show History, Sun May 23 22:46:03 EEST 2021
Change Username, Sun May 23 22:46:59 EEST 2021
Change Password, Sun May 23 22:46:59 EEST 2021
Add Quiz, Sun May 23 22:46:59 EEST 2021
Add Quiz, Sun May 23 22:46:59 EEST 2021
Delete Quiz, Sun May 23 22:46:59 EEST 2021
Add Chapter, Sun May 23 22:46:59 EEST 2021
Add Chapter, Sun May 23 22:46:59 EEST 2021
Add Chapter, Sun May 23 22:46:59 EEST 2021
Add Chapter, Sun May 23 22:46:59 EEST 2021
Add Chapter, Sun May 23 22:46:59 EEST 2021
Add Chapter, Sun May 23 22:46:59 EEST 2021
Add Chapter, Sun May 23 22:46:59 EEST 2021
Delete Chapter, Sun May 23 22:46:59 EEST 2021
Show Chapters, Sun May 23 22:46:59 EEST 2021
Show Number Of Quizzes, Sun May 23 22:46:59 EEST 2021
Change Username, Sun May 23 22:46:59 EEST 2021
Change Password, Sun May 23 22:46:59 EEST 2021
Add Course, Sun May 23 22:46:59 EEST 2021
Add Student, Sun May 23 22:46:59 EEST 2021
Add Student, Sun May 23 22:46:59 EEST 2021
Add Student, Sun May 23 22:46:59 EEST 2021
Add Student, Sun May 23 22:46:59 EEST 2021
Add Student, Sun May 23 22:46:59 EEST 2021
Add Student, Sun May 23 22:46:59 EEST 2021
Add Student, Sun May 23 22:46:59 EEST 2021
Add Student, Sun May 23 22:46:59 EEST 2021
Add Student, Sun May 23 22:46:59 EEST 2021
Add Student, Sun May 23 22:46:59 EEST 2021
Remove Student, Sun May 23 22:46:59 EEST 2021
Remove Student, Sun May 23 22:46:59 EEST 2021
Remove Student, Sun May 23 22:46:59 EEST 2021
Show Students, Sun May 23 22:46:59 EEST 2021
Show History, Sun May 23 22:46:59 EEST 2021
Change Username, Sun May 23 22:55:42 EEST 2021
Change Password, Sun May 23 22:55:42 EEST 2021
Add Quiz, Sun May 23 22:55:42 EEST 2021
Add Quiz, Sun May 23 22:55:42 EEST 2021
Delete Quiz, Sun May 23 22:55:42 EEST 2021
Add Chapter, Sun May 23 22:55:42 EEST 2021
Add Chapter, Sun May 23 22:55:42 EEST 2021
Add Chapter, Sun May 23 22:55:42 EEST 2021
Add Chapter, Sun May 23 22:55:42 EEST 2021
Add Chapter, Sun May 23 22:55:42 EEST 2021
Add Chapter, Sun May 23 22:55:42 EEST 2021
Add Chapter, Sun May 23 22:55:42 EEST 2021
Delete Chapter, Sun May 23 22:55:42 EEST 2021
Show Chapters, Sun May 23 22:55:42 EEST 2021
Show Number Of Quizzes, Sun May 23 22:55:42 EEST 2021
Change Username, Sun May 23 22:55:42 EEST 2021
Change Password, Sun May 23 22:55:42 EEST 2021
Add Course, Sun May 23 22:55:42 EEST 2021
Add Student, Sun May 23 22:55:42 EEST 2021
Add Student, Sun May 23 22:55:42 EEST 2021
Add Student, Sun May 23 22:55:42 EEST 2021
Add Student, Sun May 23 22:55:42 EEST 2021
Add Student, Sun May 23 22:55:42 EEST 2021
Add Student, Sun May 23 22:55:42 EEST 2021
Add Student, Sun May 23 22:55:42 EEST 2021
Add Student, Sun May 23 22:55:42 EEST 2021
Add Student, Sun May 23 22:55:42 EEST 2021
Add Student, Sun May 23 22:55:42 EEST 2021
Remove Student, Sun May 23 22:55:42 EEST 2021
Remove Student, Sun May 23 22:55:42 EEST 2021
Remove Student, Sun May 23 22:55:42 EEST 2021
Show Students, Sun May 23 22:55:42 EEST 2021
Show History, Sun May 23 22:55:42 EEST 2021
Change Username, Sun May 23 22:57:50 EEST 2021
Change Password, Sun May 23 22:57:50 EEST 2021
Add Quiz, Sun May 23 22:57:50 EEST 2021
Add Quiz, Sun May 23 22:57:50 EEST 2021
Delete Quiz, Sun May 23 22:57:50 EEST 2021
Add Chapter, Sun May 23 22:57:50 EEST 2021
Add Chapter, Sun May 23 22:57:50 EEST 2021
Add Chapter, Sun May 23 22:57:50 EEST 2021
Add Chapter, Sun May 23 22:57:50 EEST 2021
Add Chapter, Sun May 23 22:57:50 EEST 2021
Add Chapter, Sun May 23 22:57:50 EEST 2021
Add Chapter, Sun May 23 22:57:50 EEST 2021
Delete Chapter, Sun May 23 22:57:50 EEST 2021
Show Chapters, Sun May 23 22:57:50 EEST 2021
Show Number Of Quizzes, Sun May 23 22:57:50 EEST 2021
Change Username, Sun May 23 22:57:50 EEST 2021
Change Password, Sun May 23 22:57:50 EEST 2021
Add Course, Sun May 23 22:57:50 EEST 2021
Add Student, Sun May 23 22:57:50 EEST 2021
Add Student, Sun May 23 22:57:50 EEST 2021
Add Student, Sun May 23 22:57:50 EEST 2021
Add Student, Sun May 23 22:57:50 EEST 2021
Add Student, Sun May 23 22:57:50 EEST 2021
Add Student, Sun May 23 22:57:50 EEST 2021
Add Student, Sun May 23 22:57:50 EEST 2021
Add Student, Sun May 23 22:57:50 EEST 2021
Add Student, Sun May 23 22:57:50 EEST 2021
Add Student, Sun May 23 22:57:50 EEST 2021
Remove Student, Sun May 23 22:57:50 EEST 2021
Remove Student, Sun May 23 22:57:50 EEST 2021
Remove Student, Sun May 23 22:57:50 EEST 2021
Show Students, Sun May 23 22:57:50 EEST 2021
Show History, Sun May 23 22:57:50 EEST 2021
Change Username, Sun May 23 23:04:48 EEST 2021
Change Password, Sun May 23 23:04:48 EEST 2021
Add Quiz, Sun May 23 23:04:48 EEST 2021
Add Quiz, Sun May 23 23:04:48 EEST 2021
Delete Quiz, Sun May 23 23:04:48 EEST 2021
Add Chapter, Sun May 23 23:04:48 EEST 2021
Add Chapter, Sun May 23 23:04:48 EEST 2021
Add Chapter, Sun May 23 23:04:48 EEST 2021
Add Chapter, Sun May 23 23:04:48 EEST 2021
Add Chapter, Sun May 23 23:04:48 EEST 2021
Add Chapter, Sun May 23 23:04:48 EEST 2021
Add Chapter, Sun May 23 23:04:48 EEST 2021
Delete Chapter, Sun May 23 23:04:48 EEST 2021
Show Chapters, Sun May 23 23:04:48 EEST 2021
Show Number Of Quizzes, Sun May 23 23:04:48 EEST 2021
Change Username, Sun May 23 23:04:48 EEST 2021
Change Password, Sun May 23 23:04:48 EEST 2021
Add Course, Sun May 23 23:04:48 EEST 2021
Add Student, Sun May 23 23:04:48 EEST 2021
Add Student, Sun May 23 23:04:48 EEST 2021
Add Student, Sun May 23 23:04:48 EEST 2021
Add Student, Sun May 23 23:04:48 EEST 2021
Add Student, Sun May 23 23:04:48 EEST 2021
Add Student, Sun May 23 23:04:48 EEST 2021
Add Student, Sun May 23 23:04:48 EEST 2021
Add Student, Sun May 23 23:04:48 EEST 2021
Add Student, Sun May 23 23:04:48 EEST 2021
Add Student, Sun May 23 23:04:48 EEST 2021
Remove Student, Sun May 23 23:04:48 EEST 2021
Remove Student, Sun May 23 23:04:48 EEST 2021
Remove Student, Sun May 23 23:04:48 EEST 2021
Show Students, Sun May 23 23:04:48 EEST 2021
Show History, Sun May 23 23:04:48 EEST 2021
Change Username, Sun May 23 23:04:51 EEST 2021
Change Password, Sun May 23 23:04:51 EEST 2021
Add Quiz, Sun May 23 23:04:51 EEST 2021
Add Quiz, Sun May 23 23:04:51 EEST 2021
Delete Quiz, Sun May 23 23:04:51 EEST 2021
Add Chapter, Sun May 23 23:04:51 EEST 2021
Add Chapter, Sun May 23 23:04:51 EEST 2021
Add Chapter, Sun May 23 23:04:51 EEST 2021
Add Chapter, Sun May 23 23:04:51 EEST 2021
Add Chapter, Sun May 23 23:04:51 EEST 2021
Add Chapter, Sun May 23 23:04:51 EEST 2021
Add Chapter, Sun May 23 23:04:51 EEST 2021
Delete Chapter, Sun May 23 23:04:51 EEST 2021
Show Chapters, Sun May 23 23:04:51 EEST 2021
Show Number Of Quizzes, Sun May 23 23:04:51 EEST 2021
Change Username, Sun May 23 23:04:51 EEST 2021
Change Password, Sun May 23 23:04:51 EEST 2021
Add Course, Sun May 23 23:04:51 EEST 2021
Add Student, Sun May 23 23:04:51 EEST 2021
Add Student, Sun May 23 23:04:51 EEST 2021
Add Student, Sun May 23 23:04:51 EEST 2021
Add Student, Sun May 23 23:04:51 EEST 2021
Add Student, Sun May 23 23:04:51 EEST 2021
Add Student, Sun May 23 23:04:51 EEST 2021
Add Student, Sun May 23 23:04:51 EEST 2021
Add Student, Sun May 23 23:04:51 EEST 2021
Add Student, Sun May 23 23:04:51 EEST 2021
Add Student, Sun May 23 23:04:51 EEST 2021
Remove Student, Sun May 23 23:04:51 EEST 2021
Remove Student, Sun May 23 23:04:51 EEST 2021
Remove Student, Sun May 23 23:04:51 EEST 2021
Show Students, Sun May 23 23:04:51 EEST 2021
Show History, Sun May 23 23:04:51 EEST 2021
Change Username, Sun May 23 23:12:20 EEST 2021
Change Password, Sun May 23 23:12:20 EEST 2021
Add Quiz, Sun May 23 23:12:20 EEST 2021
Add Quiz, Sun May 23 23:12:20 EEST 2021
Delete Quiz, Sun May 23 23:12:20 EEST 2021
Add Chapter, Sun May 23 23:12:20 EEST 2021
Add Chapter, Sun May 23 23:12:20 EEST 2021
Add Chapter, Sun May 23 23:12:20 EEST 2021
Add Chapter, Sun May 23 23:12:20 EEST 2021
Add Chapter, Sun May 23 23:12:20 EEST 2021
Add Chapter, Sun May 23 23:12:20 EEST 2021
Add Chapter, Sun May 23 23:12:20 EEST 2021
Delete Chapter, Sun May 23 23:12:20 EEST 2021
Show Chapters, Sun May 23 23:12:20 EEST 2021
Show Number Of Quizzes, Sun May 23 23:12:20 EEST 2021
Change Username, Sun May 23 23:12:20 EEST 2021
Change Password, Sun May 23 23:12:20 EEST 2021
Add Course, Sun May 23 23:12:20 EEST 2021
Add Student, Sun May 23 23:12:20 EEST 2021
Add Student, Sun May 23 23:12:20 EEST 2021
Add Student, Sun May 23 23:12:20 EEST 2021
Add Student, Sun May 23 23:12:20 EEST 2021
Add Student, Sun May 23 23:12:20 EEST 2021
Add Student, Sun May 23 23:12:20 EEST 2021
Add Student, Sun May 23 23:12:20 EEST 2021
Add Student, Sun May 23 23:12:20 EEST 2021
Add Student, Sun May 23 23:12:20 EEST 2021
Add Student, Sun May 23 23:12:20 EEST 2021
Remove Student, Sun May 23 23:12:20 EEST 2021
Remove Student, Sun May 23 23:12:20 EEST 2021
Remove Student, Sun May 23 23:12:20 EEST 2021
Show Students, Sun May 23 23:12:20 EEST 2021
Show History, Sun May 23 23:12:20 EEST 2021
Change Username, Sun May 23 23:12:50 EEST 2021
Change Password, Sun May 23 23:12:50 EEST 2021
Add Quiz, Sun May 23 23:12:50 EEST 2021
Add Quiz, Sun May 23 23:12:50 EEST 2021
Delete Quiz, Sun May 23 23:12:50 EEST 2021
Add Chapter, Sun May 23 23:12:50 EEST 2021
Add Chapter, Sun May 23 23:12:50 EEST 2021
Add Chapter, Sun May 23 23:12:50 EEST 2021
Add Chapter, Sun May 23 23:12:50 EEST 2021
Add Chapter, Sun May 23 23:12:50 EEST 2021
Add Chapter, Sun May 23 23:12:50 EEST 2021
Add Chapter, Sun May 23 23:12:50 EEST 2021
Delete Chapter, Sun May 23 23:12:50 EEST 2021
Show Chapters, Sun May 23 23:12:50 EEST 2021
Show Number Of Quizzes, Sun May 23 23:12:50 EEST 2021
Change Username, Sun May 23 23:12:50 EEST 2021
Change Password, Sun May 23 23:12:50 EEST 2021
Add Course, Sun May 23 23:12:50 EEST 2021
Add Student, Sun May 23 23:12:50 EEST 2021
Add Student, Sun May 23 23:12:50 EEST 2021
Add Student, Sun May 23 23:12:50 EEST 2021
Add Student, Sun May 23 23:12:50 EEST 2021
Add Student, Sun May 23 23:12:50 EEST 2021
Add Student, Sun May 23 23:12:50 EEST 2021
Add Student, Sun May 23 23:12:50 EEST 2021
Add Student, Sun May 23 23:12:50 EEST 2021
Add Student, Sun May 23 23:12:50 EEST 2021
Add Student, Sun May 23 23:12:50 EEST 2021
Remove Student, Sun May 23 23:12:50 EEST 2021
Remove Student, Sun May 23 23:12:50 EEST 2021
Remove Student, Sun May 23 23:12:50 EEST 2021
Show Students, Sun May 23 23:12:50 EEST 2021
Show History, Sun May 23 23:12:50 EEST 2021
Change Username, Sun May 23 23:13:42 EEST 2021
Change Password, Sun May 23 23:13:42 EEST 2021
Add Quiz, Sun May 23 23:13:42 EEST 2021
Add Quiz, Sun May 23 23:13:42 EEST 2021
Delete Quiz, Sun May 23 23:13:42 EEST 2021
Add Chapter, Sun May 23 23:13:42 EEST 2021
Add Chapter, Sun May 23 23:13:42 EEST 2021
Add Chapter, Sun May 23 23:13:42 EEST 2021
Add Chapter, Sun May 23 23:13:42 EEST 2021
Add Chapter, Sun May 23 23:13:42 EEST 2021
Add Chapter, Sun May 23 23:13:42 EEST 2021
Add Chapter, Sun May 23 23:13:42 EEST 2021
Delete Chapter, Sun May 23 23:13:42 EEST 2021
Show Chapters, Sun May 23 23:13:42 EEST 2021
Show Number Of Quizzes, Sun May 23 23:13:42 EEST 2021
Change Username, Sun May 23 23:13:42 EEST 2021
Change Password, Sun May 23 23:13:42 EEST 2021
Add Course, Sun May 23 23:13:42 EEST 2021
Add Student, Sun May 23 23:13:42 EEST 2021
Add Student, Sun May 23 23:13:42 EEST 2021
Add Student, Sun May 23 23:13:42 EEST 2021
Add Student, Sun May 23 23:13:42 EEST 2021
Add Student, Sun May 23 23:13:42 EEST 2021
Add Student, Sun May 23 23:13:42 EEST 2021
Add Student, Sun May 23 23:13:42 EEST 2021
Add Student, Sun May 23 23:13:42 EEST 2021
Add Student, Sun May 23 23:13:42 EEST 2021
Add Student, Sun May 23 23:13:42 EEST 2021
Remove Student, Sun May 23 23:13:42 EEST 2021
Remove Student, Sun May 23 23:13:42 EEST 2021
Remove Student, Sun May 23 23:13:42 EEST 2021
Show Students, Sun May 23 23:13:42 EEST 2021
Show History, Sun May 23 23:13:42 EEST 2021
Change Username, Sun May 23 23:14:48 EEST 2021
Change Password, Sun May 23 23:14:48 EEST 2021
Add Quiz, Sun May 23 23:14:48 EEST 2021
Add Quiz, Sun May 23 23:14:48 EEST 2021
Delete Quiz, Sun May 23 23:14:48 EEST 2021
Add Chapter, Sun May 23 23:14:48 EEST 2021
Add Chapter, Sun May 23 23:14:48 EEST 2021
Add Chapter, Sun May 23 23:14:48 EEST 2021
Add Chapter, Sun May 23 23:14:48 EEST 2021
Add Chapter, Sun May 23 23:14:48 EEST 2021
Add Chapter, Sun May 23 23:14:48 EEST 2021
Add Chapter, Sun May 23 23:14:48 EEST 2021
Delete Chapter, Sun May 23 23:14:48 EEST 2021
Show Chapters, Sun May 23 23:14:48 EEST 2021
Show Number Of Quizzes, Sun May 23 23:14:48 EEST 2021
Change Username, Sun May 23 23:14:48 EEST 2021
Change Password, Sun May 23 23:14:48 EEST 2021
Add Course, Sun May 23 23:14:48 EEST 2021
Add Student, Sun May 23 23:14:48 EEST 2021
Add Student, Sun May 23 23:14:48 EEST 2021
Add Student, Sun May 23 23:14:48 EEST 2021
Add Student, Sun May 23 23:14:48 EEST 2021
Add Student, Sun May 23 23:14:48 EEST 2021
Add Student, Sun May 23 23:14:48 EEST 2021
Add Student, Sun May 23 23:14:48 EEST 2021
Add Student, Sun May 23 23:14:48 EEST 2021
Add Student, Sun May 23 23:14:48 EEST 2021
Add Student, Sun May 23 23:14:48 EEST 2021
Remove Student, Sun May 23 23:14:48 EEST 2021
Remove Student, Sun May 23 23:14:48 EEST 2021
Remove Student, Sun May 23 23:14:48 EEST 2021
Show Students, Sun May 23 23:14:48 EEST 2021
Show History, Sun May 23 23:14:48 EEST 2021
Change Username, Sun May 23 23:24:12 EEST 2021
Change Password, Sun May 23 23:24:12 EEST 2021
Add Quiz, Sun May 23 23:24:12 EEST 2021
Add Quiz, Sun May 23 23:24:12 EEST 2021
Delete Quiz, Sun May 23 23:24:12 EEST 2021
Add Chapter, Sun May 23 23:24:12 EEST 2021
Add Chapter, Sun May 23 23:24:12 EEST 2021
Add Chapter, Sun May 23 23:24:12 EEST 2021
Add Chapter, Sun May 23 23:24:12 EEST 2021
Add Chapter, Sun May 23 23:24:12 EEST 2021
Add Chapter, Sun May 23 23:24:12 EEST 2021
Add Chapter, Sun May 23 23:24:12 EEST 2021
Delete Chapter, Sun May 23 23:24:12 EEST 2021
Show Chapters, Sun May 23 23:24:12 EEST 2021
Show Number Of Quizzes, Sun May 23 23:24:12 EEST 2021
Change Username, Sun May 23 23:24:12 EEST 2021
Change Password, Sun May 23 23:24:12 EEST 2021
Add Course, Sun May 23 23:24:12 EEST 2021
Add Student, Sun May 23 23:24:12 EEST 2021
Add Student, Sun May 23 23:24:12 EEST 2021
Add Student, Sun May 23 23:24:12 EEST 2021
Add Student, Sun May 23 23:24:12 EEST 2021
Add Student, Sun May 23 23:24:12 EEST 2021
Add Student, Sun May 23 23:24:12 EEST 2021
Add Student, Sun May 23 23:24:12 EEST 2021
Add Student, Sun May 23 23:24:12 EEST 2021
Add Student, Sun May 23 23:24:12 EEST 2021
Add Student, Sun May 23 23:24:12 EEST 2021
Remove Student, Sun May 23 23:24:12 EEST 2021
Remove Student, Sun May 23 23:24:12 EEST 2021
Remove Student, Sun May 23 23:24:12 EEST 2021
Show Students, Sun May 23 23:24:12 EEST 2021
Show History, Sun May 23 23:24:12 EEST 2021
Change Username, Sun May 23 23:28:08 EEST 2021
Change Password, Sun May 23 23:28:08 EEST 2021
Add Quiz, Sun May 23 23:28:08 EEST 2021
Add Quiz, Sun May 23 23:28:08 EEST 2021
Delete Quiz, Sun May 23 23:28:08 EEST 2021
Add Chapter, Sun May 23 23:28:08 EEST 2021
Add Chapter, Sun May 23 23:28:08 EEST 2021
Add Chapter, Sun May 23 23:28:08 EEST 2021
Add Chapter, Sun May 23 23:28:08 EEST 2021
Add Chapter, Sun May 23 23:28:08 EEST 2021
Add Chapter, Sun May 23 23:28:08 EEST 2021
Add Chapter, Sun May 23 23:28:08 EEST 2021
Delete Chapter, Sun May 23 23:28:08 EEST 2021
Show Chapters, Sun May 23 23:28:08 EEST 2021
Show Number Of Quizzes, Sun May 23 23:28:08 EEST 2021
Change Username, Sun May 23 23:28:08 EEST 2021
Change Password, Sun May 23 23:28:08 EEST 2021
Add Course, Sun May 23 23:28:08 EEST 2021
Add Student, Sun May 23 23:28:08 EEST 2021
Add Student, Sun May 23 23:28:08 EEST 2021
Add Student, Sun May 23 23:28:08 EEST 2021
Add Student, Sun May 23 23:28:08 EEST 2021
Add Student, Sun May 23 23:28:08 EEST 2021
Add Student, Sun May 23 23:28:08 EEST 2021
Add Student, Sun May 23 23:28:08 EEST 2021
Add Student, Sun May 23 23:28:08 EEST 2021
Add Student, Sun May 23 23:28:08 EEST 2021
Add Student, Sun May 23 23:28:08 EEST 2021
Remove Student, Sun May 23 23:28:08 EEST 2021
Remove Student, Sun May 23 23:28:08 EEST 2021
Remove Student, Sun May 23 23:28:08 EEST 2021
Show Students, Sun May 23 23:28:08 EEST 2021
Show History, Sun May 23 23:28:08 EEST 2021
Change Username, Sun May 23 23:28:52 EEST 2021
Change Password, Sun May 23 23:28:52 EEST 2021
Add Quiz, Sun May 23 23:28:52 EEST 2021
Add Quiz, Sun May 23 23:28:52 EEST 2021
Delete Quiz, Sun May 23 23:28:52 EEST 2021
Add Chapter, Sun May 23 23:28:52 EEST 2021
Add Chapter, Sun May 23 23:28:52 EEST 2021
Add Chapter, Sun May 23 23:28:52 EEST 2021
Add Chapter, Sun May 23 23:28:52 EEST 2021
Add Chapter, Sun May 23 23:28:52 EEST 2021
Add Chapter, Sun May 23 23:28:52 EEST 2021
Add Chapter, Sun May 23 23:28:52 EEST 2021
Delete Chapter, Sun May 23 23:28:52 EEST 2021
Show Chapters, Sun May 23 23:28:52 EEST 2021
Show Number Of Quizzes, Sun May 23 23:28:52 EEST 2021
Change Username, Sun May 23 23:28:52 EEST 2021
Change Password, Sun May 23 23:28:52 EEST 2021
Add Course, Sun May 23 23:28:52 EEST 2021
Add Student, Sun May 23 23:28:52 EEST 2021
Add Student, Sun May 23 23:28:52 EEST 2021
Add Student, Sun May 23 23:28:52 EEST 2021
Add Student, Sun May 23 23:28:52 EEST 2021
Add Student, Sun May 23 23:28:52 EEST 2021
Add Student, Sun May 23 23:28:52 EEST 2021
Add Student, Sun May 23 23:28:52 EEST 2021
Add Student, Sun May 23 23:28:52 EEST 2021
Add Student, Sun May 23 23:28:52 EEST 2021
Add Student, Sun May 23 23:28:52 EEST 2021
Remove Student, Sun May 23 23:28:52 EEST 2021
Remove Student, Sun May 23 23:28:52 EEST 2021
Remove Student, Sun May 23 23:28:52 EEST 2021
Show Students, Sun May 23 23:28:52 EEST 2021
Show History, Sun May 23 23:28:52 EEST 2021
Change Username, Sun May 23 23:35:56 EEST 2021
Change Password, Sun May 23 23:35:56 EEST 2021
Add Quiz, Sun May 23 23:35:56 EEST 2021
Add Quiz, Sun May 23 23:35:56 EEST 2021
Delete Quiz, Sun May 23 23:35:56 EEST 2021
Add Chapter, Sun May 23 23:35:56 EEST 2021
Add Chapter, Sun May 23 23:35:56 EEST 2021
Add Chapter, Sun May 23 23:35:56 EEST 2021
Add Chapter, Sun May 23 23:35:56 EEST 2021
Add Chapter, Sun May 23 23:35:56 EEST 2021
Add Chapter, Sun May 23 23:35:56 EEST 2021
Add Chapter, Sun May 23 23:35:56 EEST 2021
Delete Chapter, Sun May 23 23:35:56 EEST 2021
Show Chapters, Sun May 23 23:35:56 EEST 2021
Show Number Of Quizzes, Sun May 23 23:35:56 EEST 2021
Change Username, Sun May 23 23:35:56 EEST 2021
Change Password, Sun May 23 23:35:56 EEST 2021
Add Course, Sun May 23 23:35:56 EEST 2021
Add Student, Sun May 23 23:35:56 EEST 2021
Add Student, Sun May 23 23:35:56 EEST 2021
Add Student, Sun May 23 23:35:56 EEST 2021
Add Student, Sun May 23 23:35:56 EEST 2021
Add Student, Sun May 23 23:35:56 EEST 2021
Add Student, Sun May 23 23:35:56 EEST 2021
Add Student, Sun May 23 23:35:56 EEST 2021
Add Student, Sun May 23 23:35:56 EEST 2021
Add Student, Sun May 23 23:35:56 EEST 2021
Add Student, Sun May 23 23:35:56 EEST 2021
Remove Student, Sun May 23 23:35:56 EEST 2021
Remove Student, Sun May 23 23:35:56 EEST 2021
Remove Student, Sun May 23 23:35:56 EEST 2021
Show Students, Sun May 23 23:35:56 EEST 2021
Show History, Sun May 23 23:35:56 EEST 2021
Change Username, Sun May 23 23:38:48 EEST 2021
Change Password, Sun May 23 23:38:48 EEST 2021
Add Quiz, Sun May 23 23:38:48 EEST 2021
Add Quiz, Sun May 23 23:38:48 EEST 2021
Delete Quiz, Sun May 23 23:38:48 EEST 2021
Add Chapter, Sun May 23 23:38:48 EEST 2021
Add Chapter, Sun May 23 23:38:48 EEST 2021
Add Chapter, Sun May 23 23:38:48 EEST 2021
Add Chapter, Sun May 23 23:38:48 EEST 2021
Add Chapter, Sun May 23 23:38:48 EEST 2021
Add Chapter, Sun May 23 23:38:48 EEST 2021
Add Chapter, Sun May 23 23:38:48 EEST 2021
Delete Chapter, Sun May 23 23:38:48 EEST 2021
Show Chapters, Sun May 23 23:38:48 EEST 2021
Show Number Of Quizzes, Sun May 23 23:38:48 EEST 2021
Change Username, Sun May 23 23:38:48 EEST 2021
Change Password, Sun May 23 23:38:48 EEST 2021
Add Course, Sun May 23 23:38:48 EEST 2021
Add Student, Sun May 23 23:38:48 EEST 2021
Add Student, Sun May 23 23:38:48 EEST 2021
Add Student, Sun May 23 23:38:48 EEST 2021
Add Student, Sun May 23 23:38:48 EEST 2021
Add Student, Sun May 23 23:38:48 EEST 2021
Add Student, Sun May 23 23:38:48 EEST 2021
Add Student, Sun May 23 23:38:48 EEST 2021
Add Student, Sun May 23 23:38:48 EEST 2021
Add Student, Sun May 23 23:38:48 EEST 2021
Add Student, Sun May 23 23:38:48 EEST 2021
Remove Student, Sun May 23 23:38:48 EEST 2021
Remove Student, Sun May 23 23:38:48 EEST 2021
Remove Student, Sun May 23 23:38:48 EEST 2021
Show Students, Sun May 23 23:38:48 EEST 2021
Show History, Sun May 23 23:38:48 EEST 2021
Change Username, Sun May 23 23:46:20 EEST 2021
Change Password, Sun May 23 23:46:20 EEST 2021
Add Quiz, Sun May 23 23:46:20 EEST 2021
Add Quiz, Sun May 23 23:46:20 EEST 2021
Delete Quiz, Sun May 23 23:46:20 EEST 2021
Add Chapter, Sun May 23 23:46:20 EEST 2021
Add Chapter, Sun May 23 23:46:20 EEST 2021
Add Chapter, Sun May 23 23:46:20 EEST 2021
Add Chapter, Sun May 23 23:46:20 EEST 2021
Add Chapter, Sun May 23 23:46:20 EEST 2021
Add Chapter, Sun May 23 23:46:20 EEST 2021
Add Chapter, Sun May 23 23:46:20 EEST 2021
Delete Chapter, Sun May 23 23:46:20 EEST 2021
Show Chapters, Sun May 23 23:46:20 EEST 2021
Show Number Of Quizzes, Sun May 23 23:46:20 EEST 2021
Change Username, Sun May 23 23:46:20 EEST 2021
Change Password, Sun May 23 23:46:20 EEST 2021
Add Course, Sun May 23 23:46:20 EEST 2021
Add Student, Sun May 23 23:46:20 EEST 2021
Add Student, Sun May 23 23:46:20 EEST 2021
Add Student, Sun May 23 23:46:20 EEST 2021
Add Student, Sun May 23 23:46:20 EEST 2021
Add Student, Sun May 23 23:46:20 EEST 2021
Add Student, Sun May 23 23:46:20 EEST 2021
Add Student, Sun May 23 23:46:20 EEST 2021
Add Student, Sun May 23 23:46:20 EEST 2021
Add Student, Sun May 23 23:46:20 EEST 2021
Add Student, Sun May 23 23:46:20 EEST 2021
Remove Student, Sun May 23 23:46:20 EEST 2021
Remove Student, Sun May 23 23:46:20 EEST 2021
Remove Student, Sun May 23 23:46:20 EEST 2021
Show Students, Sun May 23 23:46:20 EEST 2021
Show History, Sun May 23 23:46:20 EEST 2021
Change Username, Sun May 23 23:47:24 EEST 2021
Change Password, Sun May 23 23:47:24 EEST 2021
Add Quiz, Sun May 23 23:47:24 EEST 2021
Add Quiz, Sun May 23 23:47:24 EEST 2021
Delete Quiz, Sun May 23 23:47:24 EEST 2021
Add Chapter, Sun May 23 23:47:24 EEST 2021
Add Chapter, Sun May 23 23:47:24 EEST 2021
Add Chapter, Sun May 23 23:47:24 EEST 2021
Add Chapter, Sun May 23 23:47:24 EEST 2021
Add Chapter, Sun May 23 23:47:24 EEST 2021
Add Chapter, Sun May 23 23:47:24 EEST 2021
Add Chapter, Sun May 23 23:47:24 EEST 2021
Delete Chapter, Sun May 23 23:47:24 EEST 2021
Show Chapters, Sun May 23 23:47:24 EEST 2021
Show Number Of Quizzes, Sun May 23 23:47:24 EEST 2021
Change Username, Sun May 23 23:47:24 EEST 2021
Change Password, Sun May 23 23:47:24 EEST 2021
Add Course, Sun May 23 23:47:24 EEST 2021
Add Student, Sun May 23 23:47:24 EEST 2021
Add Student, Sun May 23 23:47:24 EEST 2021
Add Student, Sun May 23 23:47:24 EEST 2021
Add Student, Sun May 23 23:47:24 EEST 2021
Add Student, Sun May 23 23:47:24 EEST 2021
Add Student, Sun May 23 23:47:24 EEST 2021
Add Student, Sun May 23 23:47:24 EEST 2021
Add Student, Sun May 23 23:47:24 EEST 2021
Add Student, Sun May 23 23:47:24 EEST 2021
Add Student, Sun May 23 23:47:24 EEST 2021
Remove Student, Sun May 23 23:47:24 EEST 2021
Remove Student, Sun May 23 23:47:24 EEST 2021
Remove Student, Sun May 23 23:47:24 EEST 2021
Show Students, Sun May 23 23:47:24 EEST 2021
Show History, Sun May 23 23:47:24 EEST 2021
Change Username, Sun May 23 23:48:22 EEST 2021
Change Password, Sun May 23 23:48:22 EEST 2021
Add Quiz, Sun May 23 23:48:22 EEST 2021
Add Quiz, Sun May 23 23:48:22 EEST 2021
Delete Quiz, Sun May 23 23:48:22 EEST 2021
Add Chapter, Sun May 23 23:48:22 EEST 2021
Add Chapter, Sun May 23 23:48:22 EEST 2021
Add Chapter, Sun May 23 23:48:22 EEST 2021
Add Chapter, Sun May 23 23:48:22 EEST 2021
Add Chapter, Sun May 23 23:48:22 EEST 2021
Add Chapter, Sun May 23 23:48:22 EEST 2021
Add Chapter, Sun May 23 23:48:22 EEST 2021
Delete Chapter, Sun May 23 23:48:22 EEST 2021
Show Chapters, Sun May 23 23:48:22 EEST 2021
Show Number Of Quizzes, Sun May 23 23:48:22 EEST 2021
Change Username, Sun May 23 23:48:22 EEST 2021
Change Password, Sun May 23 23:48:22 EEST 2021
Add Course, Sun May 23 23:48:22 EEST 2021
Add Student, Sun May 23 23:48:22 EEST 2021
Add Student, Sun May 23 23:48:22 EEST 2021
Add Student, Sun May 23 23:48:22 EEST 2021
Add Student, Sun May 23 23:48:22 EEST 2021
Add Student, Sun May 23 23:48:22 EEST 2021
Add Student, Sun May 23 23:48:22 EEST 2021
Add Student, Sun May 23 23:48:22 EEST 2021
Add Student, Sun May 23 23:48:22 EEST 2021
Add Student, Sun May 23 23:48:22 EEST 2021
Add Student, Sun May 23 23:48:22 EEST 2021
Remove Student, Sun May 23 23:48:22 EEST 2021
Remove Student, Sun May 23 23:48:22 EEST 2021
Remove Student, Sun May 23 23:48:22 EEST 2021
Show Students, Sun May 23 23:48:22 EEST 2021
Show History, Sun May 23 23:48:22 EEST 2021
Change Username, Sun May 23 23:52:44 EEST 2021
Change Password, Sun May 23 23:52:44 EEST 2021
Add Quiz, Sun May 23 23:52:44 EEST 2021
Add Quiz, Sun May 23 23:52:44 EEST 2021
Delete Quiz, Sun May 23 23:52:44 EEST 2021
Add Chapter, Sun May 23 23:52:44 EEST 2021
Add Chapter, Sun May 23 23:52:44 EEST 2021
Add Chapter, Sun May 23 23:52:44 EEST 2021
Add Chapter, Sun May 23 23:52:44 EEST 2021
Add Chapter, Sun May 23 23:52:44 EEST 2021
Add Chapter, Sun May 23 23:52:44 EEST 2021
Add Chapter, Sun May 23 23:52:44 EEST 2021
Delete Chapter, Sun May 23 23:52:44 EEST 2021
Show Chapters, Sun May 23 23:52:44 EEST 2021
Show Number Of Quizzes, Sun May 23 23:52:44 EEST 2021
Change Username, Sun May 23 23:52:44 EEST 2021
Change Password, Sun May 23 23:52:44 EEST 2021
Add Course, Sun May 23 23:52:44 EEST 2021
Add Student, Sun May 23 23:52:44 EEST 2021
Add Student, Sun May 23 23:52:44 EEST 2021
Add Student, Sun May 23 23:52:44 EEST 2021
Add Student, Sun May 23 23:52:44 EEST 2021
Add Student, Sun May 23 23:52:44 EEST 2021
Add Student, Sun May 23 23:52:44 EEST 2021
Add Student, Sun May 23 23:52:44 EEST 2021
Add Student, Sun May 23 23:52:44 EEST 2021
Add Student, Sun May 23 23:52:44 EEST 2021
Add Student, Sun May 23 23:52:44 EEST 2021
Remove Student, Sun May 23 23:52:44 EEST 2021
Remove Student, Sun May 23 23:52:44 EEST 2021
Remove Student, Sun May 23 23:52:44 EEST 2021
Show Students, Sun May 23 23:52:44 EEST 2021
Show History, Sun May 23 23:52:44 EEST 2021
Change Username, Sun May 23 23:53:02 EEST 2021
Change Password, Sun May 23 23:53:02 EEST 2021
Add Quiz, Sun May 23 23:53:02 EEST 2021
Add Quiz, Sun May 23 23:53:02 EEST 2021
Delete Quiz, Sun May 23 23:53:02 EEST 2021
Add Chapter, Sun May 23 23:53:02 EEST 2021
Add Chapter, Sun May 23 23:53:02 EEST 2021
Add Chapter, Sun May 23 23:53:02 EEST 2021
Add Chapter, Sun May 23 23:53:02 EEST 2021
Add Chapter, Sun May 23 23:53:02 EEST 2021
Add Chapter, Sun May 23 23:53:02 EEST 2021
Add Chapter, Sun May 23 23:53:02 EEST 2021
Delete Chapter, Sun May 23 23:53:02 EEST 2021
Show Chapters, Sun May 23 23:53:02 EEST 2021
Show Number Of Quizzes, Sun May 23 23:53:02 EEST 2021
Change Username, Sun May 23 23:53:02 EEST 2021
Change Password, Sun May 23 23:53:02 EEST 2021
Add Course, Sun May 23 23:53:02 EEST 2021
Add Student, Sun May 23 23:53:02 EEST 2021
Add Student, Sun May 23 23:53:02 EEST 2021
Add Student, Sun May 23 23:53:02 EEST 2021
Add Student, Sun May 23 23:53:02 EEST 2021
Add Student, Sun May 23 23:53:02 EEST 2021
Add Student, Sun May 23 23:53:02 EEST 2021
Add Student, Sun May 23 23:53:02 EEST 2021
Add Student, Sun May 23 23:53:02 EEST 2021
Add Student, Sun May 23 23:53:02 EEST 2021
Add Student, Sun May 23 23:53:02 EEST 2021
Remove Student, Sun May 23 23:53:02 EEST 2021
Remove Student, Sun May 23 23:53:02 EEST 2021
Remove Student, Sun May 23 23:53:02 EEST 2021
Show Students, Sun May 23 23:53:02 EEST 2021
Show History, Sun May 23 23:53:02 EEST 2021
Change Username, Sun May 23 23:55:55 EEST 2021
Change Password, Sun May 23 23:55:55 EEST 2021
Add Quiz, Sun May 23 23:55:55 EEST 2021
Add Quiz, Sun May 23 23:55:55 EEST 2021
Delete Quiz, Sun May 23 23:55:55 EEST 2021
Add Chapter, Sun May 23 23:55:55 EEST 2021
Add Chapter, Sun May 23 23:55:55 EEST 2021
Add Chapter, Sun May 23 23:55:55 EEST 2021
Add Chapter, Sun May 23 23:55:55 EEST 2021
Add Chapter, Sun May 23 23:55:55 EEST 2021
Add Chapter, Sun May 23 23:55:55 EEST 2021
Add Chapter, Sun May 23 23:55:55 EEST 2021
Delete Chapter, Sun May 23 23:55:55 EEST 2021
Show Chapters, Sun May 23 23:55:55 EEST 2021
Show Number Of Quizzes, Sun May 23 23:55:55 EEST 2021
Change Username, Sun May 23 23:55:55 EEST 2021
Change Password, Sun May 23 23:55:55 EEST 2021
Add Course, Sun May 23 23:55:55 EEST 2021
Add Student, Sun May 23 23:55:55 EEST 2021
Add Student, Sun May 23 23:55:55 EEST 2021
Add Student, Sun May 23 23:55:55 EEST 2021
Add Student, Sun May 23 23:55:55 EEST 2021
Add Student, Sun May 23 23:55:55 EEST 2021
Add Student, Sun May 23 23:55:55 EEST 2021
Add Student, Sun May 23 23:55:55 EEST 2021
Add Student, Sun May 23 23:55:55 EEST 2021
Add Student, Sun May 23 23:55:55 EEST 2021
Add Student, Sun May 23 23:55:55 EEST 2021
Remove Student, Sun May 23 23:55:55 EEST 2021
Remove Student, Sun May 23 23:55:55 EEST 2021
Remove Student, Sun May 23 23:55:55 EEST 2021
Show Students, Sun May 23 23:55:55 EEST 2021
Show History, Sun May 23 23:55:55 EEST 2021
Add Chapter, Mon May 24 01:29:52 EEST 2021
Add Chapter, Mon May 24 01:29:52 EEST 2021
Add Chapter, Mon May 24 01:30:39 EEST 2021
Add Chapter, Mon May 24 01:30:39 EEST 2021
Add Chapter, Mon May 24 01:31:53 EEST 2021
Add Chapter, Mon May 24 01:31:53 EEST 2021
Add Quiz, Mon May 24 01:31:53 EEST 2021
Add Quiz, Mon May 24 01:31:53 EEST 2021
Add Chapter, Mon May 24 01:34:03 EEST 2021
Add Chapter, Mon May 24 01:34:03 EEST 2021
Add Quiz, Mon May 24 01:34:03 EEST 2021
Add Quiz, Mon May 24 01:34:03 EEST 2021
Add Chapter, Mon May 24 01:36:21 EEST 2021
Add Chapter, Mon May 24 01:36:21 EEST 2021
Add Quiz, Mon May 24 01:36:21 EEST 2021
Add Quiz, Mon May 24 01:36:21 EEST 2021
Add Chapter, Mon May 24 01:36:21 EEST 2021
Add Chapter, Mon May 24 01:36:21 EEST 2021
Add Chapter, Mon May 24 01:36:21 EEST 2021
Add Chapter, Mon May 24 01:36:21 EEST 2021
Add Chapter, Mon May 24 01:36:21 EEST 2021
Add Quiz, Mon May 24 01:36:21 EEST 2021
Add Quiz, Mon May 24 01:36:21 EEST 2021
Add Chapter, Mon May 24 01:36:40 EEST 2021
Add Chapter, Mon May 24 01:36:40 EEST 2021
Add Quiz, Mon May 24 01:36:40 EEST 2021
Add Quiz, Mon May 24 01:36:40 EEST 2021
Add Chapter, Mon May 24 01:36:40 EEST 2021
Add Chapter, Mon May 24 01:36:40 EEST 2021
Add Chapter, Mon May 24 01:36:40 EEST 2021
Add Chapter, Mon May 24 01:36:40 EEST 2021
Add Chapter, Mon May 24 01:36:40 EEST 2021
Add Quiz, Mon May 24 01:36:40 EEST 2021
Add Quiz, Mon May 24 01:36:40 EEST 2021
Add Chapter, Mon May 24 01:37:24 EEST 2021
Add Chapter, Mon May 24 01:37:24 EEST 2021
Add Quiz, Mon May 24 01:37:24 EEST 2021
Add Quiz, Mon May 24 01:37:24 EEST 2021
Add Chapter, Mon May 24 01:37:24 EEST 2021
Add Chapter, Mon May 24 01:37:24 EEST 2021
Add Chapter, Mon May 24 01:37:24 EEST 2021
Add Chapter, Mon May 24 01:37:24 EEST 2021
Add Chapter, Mon May 24 01:37:24 EEST 2021
Add Quiz, Mon May 24 01:37:24 EEST 2021
Add Quiz, Mon May 24 01:37:24 EEST 2021
Add Chapter, Mon May 24 01:39:45 EEST 2021
Add Chapter, Mon May 24 01:39:45 EEST 2021
Add Quiz, Mon May 24 01:39:45 EEST 2021
Add Quiz, Mon May 24 01:39:45 EEST 2021
Add Chapter, Mon May 24 01:39:45 EEST 2021
Add Chapter, Mon May 24 01:39:45 EEST 2021
Add Chapter, Mon May 24 01:39:45 EEST 2021
Add Chapter, Mon May 24 01:39:45 EEST 2021
Add Chapter, Mon May 24 01:39:45 EEST 2021
Add Quiz, Mon May 24 01:39:45 EEST 2021
Add Quiz, Mon May 24 01:39:45 EEST 2021
Add Chapter, Mon May 24 01:41:06 EEST 2021
Add Chapter, Mon May 24 01:41:06 EEST 2021
Add Quiz, Mon May 24 01:41:06 EEST 2021
Add Quiz, Mon May 24 01:41:06 EEST 2021
Add Chapter, Mon May 24 01:41:06 EEST 2021
Add Chapter, Mon May 24 01:41:06 EEST 2021
Add Chapter, Mon May 24 01:41:06 EEST 2021
Add Chapter, Mon May 24 01:41:06 EEST 2021
Add Chapter, Mon May 24 01:41:06 EEST 2021
Add Quiz, Mon May 24 01:41:06 EEST 2021
Add Quiz, Mon May 24 01:41:06 EEST 2021
Add Chapter, Mon May 24 01:42:44 EEST 2021
Add Chapter, Mon May 24 01:42:44 EEST 2021
Add Quiz, Mon May 24 01:42:44 EEST 2021
Add Quiz, Mon May 24 01:42:44 EEST 2021
Add Chapter, Mon May 24 01:42:44 EEST 2021
Add Chapter, Mon May 24 01:42:44 EEST 2021
Add Chapter, Mon May 24 01:42:44 EEST 2021
Add Chapter, Mon May 24 01:42:44 EEST 2021
Add Chapter, Mon May 24 01:42:44 EEST 2021
Add Quiz, Mon May 24 01:42:44 EEST 2021
Add Quiz, Mon May 24 01:42:44 EEST 2021
Add Chapter, Mon May 24 01:43:51 EEST 2021
Add Chapter, Mon May 24 01:43:51 EEST 2021
Add Quiz, Mon May 24 01:43:51 EEST 2021
Add Quiz, Mon May 24 01:43:51 EEST 2021
Add Chapter, Mon May 24 01:43:51 EEST 2021
Add Chapter, Mon May 24 01:43:51 EEST 2021
Add Chapter, Mon May 24 01:43:51 EEST 2021
Add Chapter, Mon May 24 01:43:51 EEST 2021
Add Chapter, Mon May 24 01:43:51 EEST 2021
Add Quiz, Mon May 24 01:43:51 EEST 2021
Add Quiz, Mon May 24 01:43:51 EEST 2021
Add Chapter, Mon May 24 01:44:23 EEST 2021
Add Chapter, Mon May 24 01:44:23 EEST 2021
Add Quiz, Mon May 24 01:44:23 EEST 2021
Add Quiz, Mon May 24 01:44:23 EEST 2021
Add Chapter, Mon May 24 01:44:23 EEST 2021
Add Chapter, Mon May 24 01:44:23 EEST 2021
Add Chapter, Mon May 24 01:44:23 EEST 2021
Add Chapter, Mon May 24 01:44:23 EEST 2021
Add Chapter, Mon May 24 01:44:23 EEST 2021
Add Quiz, Mon May 24 01:44:23 EEST 2021
Add Quiz, Mon May 24 01:44:23 EEST 2021
Add Chapter, Mon May 24 01:45:19 EEST 2021
Add Chapter, Mon May 24 01:45:19 EEST 2021
Add Quiz, Mon May 24 01:45:19 EEST 2021
Add Quiz, Mon May 24 01:45:19 EEST 2021
Add Chapter, Mon May 24 01:45:19 EEST 2021
Add Chapter, Mon May 24 01:45:19 EEST 2021
Add Chapter, Mon May 24 01:45:19 EEST 2021
Add Chapter, Mon May 24 01:45:19 EEST 2021
Add Chapter, Mon May 24 01:45:19 EEST 2021
Add Quiz, Mon May 24 01:45:19 EEST 2021
Add Quiz, Mon May 24 01:45:19 EEST 2021
Add Chapter, Mon May 24 01:45:37 EEST 2021
Add Chapter, Mon May 24 01:45:37 EEST 2021
Add Quiz, Mon May 24 01:45:37 EEST 2021
Add Quiz, Mon May 24 01:45:37 EEST 2021
Add Chapter, Mon May 24 01:45:37 EEST 2021
Add Chapter, Mon May 24 01:45:37 EEST 2021
Add Chapter, Mon May 24 01:45:37 EEST 2021
Add Chapter, Mon May 24 01:45:37 EEST 2021
Add Chapter, Mon May 24 01:45:37 EEST 2021
Add Quiz, Mon May 24 01:45:37 EEST 2021
Add Quiz, Mon May 24 01:45:37 EEST 2021
Add Chapter, Mon May 24 01:46:42 EEST 2021
Add Chapter, Mon May 24 01:46:42 EEST 2021
Add Quiz, Mon May 24 01:46:42 EEST 2021
Add Quiz, Mon May 24 01:46:42 EEST 2021
Add Chapter, Mon May 24 01:46:42 EEST 2021
Add Chapter, Mon May 24 01:46:42 EEST 2021
Add Chapter, Mon May 24 01:46:42 EEST 2021
Add Chapter, Mon May 24 01:46:42 EEST 2021
Add Chapter, Mon May 24 01:46:42 EEST 2021
Add Quiz, Mon May 24 01:46:42 EEST 2021
Add Quiz, Mon May 24 01:46:42 EEST 2021
Add Chapter, Mon May 24 18:03:26 EEST 2021
Add Chapter, Mon May 24 18:03:26 EEST 2021
Add Quiz, Mon May 24 18:03:26 EEST 2021
Add Quiz, Mon May 24 18:03:26 EEST 2021
Add Chapter, Mon May 24 18:03:26 EEST 2021
Add Chapter, Mon May 24 18:03:26 EEST 2021
Add Chapter, Mon May 24 18:03:26 EEST 2021
Add Chapter, Mon May 24 18:03:26 EEST 2021
Add Chapter, Mon May 24 18:03:26 EEST 2021
Add Quiz, Mon May 24 18:03:26 EEST 2021
Add Quiz, Mon May 24 18:03:26 EEST 2021
Add Chapter, Mon May 24 18:05:03 EEST 2021
Add Chapter, Mon May 24 18:05:03 EEST 2021
Add Quiz, Mon May 24 18:05:03 EEST 2021
Add Quiz, Mon May 24 18:05:03 EEST 2021
Add Chapter, Mon May 24 18:05:03 EEST 2021
Add Chapter, Mon May 24 18:05:03 EEST 2021
Add Chapter, Mon May 24 18:05:03 EEST 2021
Add Chapter, Mon May 24 18:05:03 EEST 2021
Add Chapter, Mon May 24 18:05:03 EEST 2021
Add Quiz, Mon May 24 18:05:03 EEST 2021
Add Quiz, Mon May 24 18:05:03 EEST 2021
Add Chapter, Mon May 24 18:06:19 EEST 2021
Add Chapter, Mon May 24 18:06:19 EEST 2021
Add Quiz, Mon May 24 18:06:19 EEST 2021
Add Quiz, Mon May 24 18:06:19 EEST 2021
Add Chapter, Mon May 24 18:06:19 EEST 2021
Add Chapter, Mon May 24 18:06:19 EEST 2021
Add Chapter, Mon May 24 18:06:19 EEST 2021
Add Chapter, Mon May 24 18:06:19 EEST 2021
Add Chapter, Mon May 24 18:06:19 EEST 2021
Add Quiz, Mon May 24 18:06:19 EEST 2021
Add Quiz, Mon May 24 18:06:19 EEST 2021
Add Chapter, Mon May 24 18:24:00 EEST 2021
Add Chapter, Mon May 24 18:24:00 EEST 2021
Add Quiz, Mon May 24 18:24:00 EEST 2021
Add Quiz, Mon May 24 18:24:00 EEST 2021
Add Chapter, Mon May 24 18:24:00 EEST 2021
Add Chapter, Mon May 24 18:24:00 EEST 2021
Add Chapter, Mon May 24 18:24:00 EEST 2021
Add Chapter, Mon May 24 18:24:00 EEST 2021
Add Chapter, Mon May 24 18:24:00 EEST 2021
Add Quiz, Mon May 24 18:24:00 EEST 2021
Add Quiz, Mon May 24 18:24:00 EEST 2021
Add Chapter, Mon May 24 19:04:32 EEST 2021
Add Chapter, Mon May 24 19:04:32 EEST 2021
Add Quiz, Mon May 24 19:04:32 EEST 2021
Add Quiz, Mon May 24 19:04:32 EEST 2021
Add Chapter, Mon May 24 19:04:32 EEST 2021
Add Chapter, Mon May 24 19:04:32 EEST 2021
Add Chapter, Mon May 24 19:04:32 EEST 2021
Add Chapter, Mon May 24 19:04:32 EEST 2021
Add Chapter, Mon May 24 19:04:32 EEST 2021
Add Quiz, Mon May 24 19:04:32 EEST 2021
Add Quiz, Mon May 24 19:04:32 EEST 2021
Add Chapter, Tue May 25 16:37:50 EEST 2021
Add Chapter, Tue May 25 16:37:50 EEST 2021
Add Quiz, Tue May 25 16:37:50 EEST 2021
Add Quiz, Tue May 25 16:37:50 EEST 2021
Add Chapter, Tue May 25 16:37:50 EEST 2021
Add Chapter, Tue May 25 16:37:50 EEST 2021
Add Chapter, Tue May 25 16:37:50 EEST 2021
Add Chapter, Tue May 25 16:37:50 EEST 2021
Add Chapter, Tue May 25 16:37:50 EEST 2021
Add Quiz, Tue May 25 16:37:50 EEST 2021
Add Quiz, Tue May 25 16:37:50 EEST 2021
Add Chapter, Tue May 25 16:47:16 EEST 2021
Add Chapter, Tue May 25 16:47:16 EEST 2021
Add Quiz, Tue May 25 16:47:16 EEST 2021
Add Quiz, Tue May 25 16:47:16 EEST 2021
Add Chapter, Tue May 25 16:47:16 EEST 2021
Add Chapter, Tue May 25 16:47:16 EEST 2021
Add Chapter, Tue May 25 16:47:16 EEST 2021
Add Chapter, Tue May 25 16:47:16 EEST 2021
Add Chapter, Tue May 25 16:47:16 EEST 2021
Add Quiz, Tue May 25 16:47:16 EEST 2021
Add Quiz, Tue May 25 16:47:16 EEST 2021
Add Chapter, Tue May 25 16:48:00 EEST 2021
Add Chapter, Tue May 25 16:48:00 EEST 2021
Add Quiz, Tue May 25 16:48:00 EEST 2021
Add Quiz, Tue May 25 16:48:00 EEST 2021
Add Chapter, Tue May 25 16:48:00 EEST 2021
Add Chapter, Tue May 25 16:48:00 EEST 2021
Add Chapter, Tue May 25 16:48:00 EEST 2021
Add Chapter, Tue May 25 16:48:00 EEST 2021
Add Chapter, Tue May 25 16:48:00 EEST 2021
Add Quiz, Tue May 25 16:48:00 EEST 2021
Add Quiz, Tue May 25 16:48:00 EEST 2021
Add Chapter, Tue May 25 16:48:09 EEST 2021
Add Chapter, Tue May 25 16:48:09 EEST 2021
Add Quiz, Tue May 25 16:48:09 EEST 2021
Add Quiz, Tue May 25 16:48:09 EEST 2021
Add Chapter, Tue May 25 16:48:09 EEST 2021
Add Chapter, Tue May 25 16:48:09 EEST 2021
Add Chapter, Tue May 25 16:48:09 EEST 2021
Add Chapter, Tue May 25 16:48:09 EEST 2021
Add Chapter, Tue May 25 16:48:09 EEST 2021
Add Quiz, Tue May 25 16:48:09 EEST 2021
Add Quiz, Tue May 25 16:48:09 EEST 2021
Add Chapter, Tue May 25 16:48:37 EEST 2021
Add Chapter, Tue May 25 16:48:37 EEST 2021
Add Quiz, Tue May 25 16:48:37 EEST 2021
Add Quiz, Tue May 25 16:48:37 EEST 2021
Add Chapter, Tue May 25 16:48:37 EEST 2021
Add Chapter, Tue May 25 16:48:37 EEST 2021
Add Chapter, Tue May 25 16:48:37 EEST 2021
Add Chapter, Tue May 25 16:48:37 EEST 2021
Add Chapter, Tue May 25 16:48:37 EEST 2021
Add Quiz, Tue May 25 16:48:37 EEST 2021
Add Quiz, Tue May 25 16:48:37 EEST 2021
Add Chapter, Tue May 25 16:49:09 EEST 2021
Add Chapter, Tue May 25 16:49:09 EEST 2021
Add Quiz, Tue May 25 16:49:09 EEST 2021
Add Quiz, Tue May 25 16:49:09 EEST 2021
Add Chapter, Tue May 25 16:49:09 EEST 2021
Add Chapter, Tue May 25 16:49:09 EEST 2021
Add Chapter, Tue May 25 16:49:09 EEST 2021
Add Chapter, Tue May 25 16:49:09 EEST 2021
Add Chapter, Tue May 25 16:49:09 EEST 2021
Add Quiz, Tue May 25 16:49:09 EEST 2021
Add Quiz, Tue May 25 16:49:09 EEST 2021
Add Chapter, Tue May 25 16:55:00 EEST 2021
Add Chapter, Tue May 25 16:55:00 EEST 2021
Add Quiz, Tue May 25 16:55:00 EEST 2021
Add Quiz, Tue May 25 16:55:00 EEST 2021
Add Chapter, Tue May 25 16:55:00 EEST 2021
Add Chapter, Tue May 25 16:55:00 EEST 2021
Add Chapter, Tue May 25 16:55:00 EEST 2021
Add Chapter, Tue May 25 16:55:00 EEST 2021
Add Chapter, Tue May 25 16:55:00 EEST 2021
Add Quiz, Tue May 25 16:55:00 EEST 2021
Add Quiz, Tue May 25 16:55:00 EEST 2021
Add Chapter, Tue May 25 17:00:40 EEST 2021
Add Chapter, Tue May 25 17:00:40 EEST 2021
Add Quiz, Tue May 25 17:00:40 EEST 2021
Add Quiz, Tue May 25 17:00:40 EEST 2021
Add Chapter, Tue May 25 17:00:40 EEST 2021
Add Chapter, Tue May 25 17:00:40 EEST 2021
Add Chapter, Tue May 25 17:00:40 EEST 2021
Add Chapter, Tue May 25 17:00:40 EEST 2021
Add Chapter, Tue May 25 17:00:40 EEST 2021
Add Quiz, Tue May 25 17:00:40 EEST 2021
Add Quiz, Tue May 25 17:00:40 EEST 2021
Add Chapter, Tue May 25 17:04:59 EEST 2021
Add Chapter, Tue May 25 17:04:59 EEST 2021
Add Quiz, Tue May 25 17:04:59 EEST 2021
Add Quiz, Tue May 25 17:04:59 EEST 2021
Add Chapter, Tue May 25 17:04:59 EEST 2021
Add Chapter, Tue May 25 17:04:59 EEST 2021
Add Chapter, Tue May 25 17:04:59 EEST 2021
Add Chapter, Tue May 25 17:04:59 EEST 2021
Add Chapter, Tue May 25 17:04:59 EEST 2021
Add Quiz, Tue May 25 17:04:59 EEST 2021
Add Quiz, Tue May 25 17:04:59 EEST 2021
Add Chapter, Tue May 25 17:05:56 EEST 2021
Add Chapter, Tue May 25 17:05:56 EEST 2021
Add Quiz, Tue May 25 17:05:56 EEST 2021
Add Quiz, Tue May 25 17:05:56 EEST 2021
Add Chapter, Tue May 25 17:05:56 EEST 2021
Add Chapter, Tue May 25 17:05:56 EEST 2021
Add Chapter, Tue May 25 17:05:56 EEST 2021
Add Chapter, Tue May 25 17:05:56 EEST 2021
Add Chapter, Tue May 25 17:05:56 EEST 2021
Add Quiz, Tue May 25 17:05:56 EEST 2021
Add Quiz, Tue May 25 17:05:56 EEST 2021
Add Chapter, Tue May 25 17:07:05 EEST 2021
Add Chapter, Tue May 25 17:07:05 EEST 2021
Add Quiz, Tue May 25 17:07:05 EEST 2021
Add Quiz, Tue May 25 17:07:05 EEST 2021
Add Chapter, Tue May 25 17:07:05 EEST 2021
Add Chapter, Tue May 25 17:07:05 EEST 2021
Add Chapter, Tue May 25 17:07:05 EEST 2021
Add Chapter, Tue May 25 17:07:05 EEST 2021
Add Chapter, Tue May 25 17:07:05 EEST 2021
Add Quiz, Tue May 25 17:07:05 EEST 2021
Add Quiz, Tue May 25 17:07:05 EEST 2021
Add Chapter, Tue May 25 17:10:53 EEST 2021
Add Chapter, Tue May 25 17:10:53 EEST 2021
Add Quiz, Tue May 25 17:10:53 EEST 2021
Add Quiz, Tue May 25 17:10:53 EEST 2021
Add Chapter, Tue May 25 17:10:53 EEST 2021
Add Chapter, Tue May 25 17:10:53 EEST 2021
Add Chapter, Tue May 25 17:10:53 EEST 2021
Add Chapter, Tue May 25 17:10:53 EEST 2021
Add Chapter, Tue May 25 17:10:53 EEST 2021
Add Quiz, Tue May 25 17:10:53 EEST 2021
Add Quiz, Tue May 25 17:10:53 EEST 2021
Add Chapter, Tue May 25 17:23:06 EEST 2021
Add Chapter, Tue May 25 17:23:06 EEST 2021
Add Quiz, Tue May 25 17:23:06 EEST 2021
Add Quiz, Tue May 25 17:23:06 EEST 2021
Add Chapter, Tue May 25 17:23:06 EEST 2021
Add Chapter, Tue May 25 17:23:06 EEST 2021
Add Chapter, Tue May 25 17:23:06 EEST 2021
Add Chapter, Tue May 25 17:23:06 EEST 2021
Add Chapter, Tue May 25 17:23:06 EEST 2021
Add Quiz, Tue May 25 17:23:06 EEST 2021
Add Quiz, Tue May 25 17:23:06 EEST 2021
Add Chapter, Tue May 25 17:24:16 EEST 2021
Add Chapter, Tue May 25 17:24:16 EEST 2021
Add Quiz, Tue May 25 17:24:16 EEST 2021
Add Quiz, Tue May 25 17:24:16 EEST 2021
Add Chapter, Tue May 25 17:24:16 EEST 2021
Add Chapter, Tue May 25 17:24:16 EEST 2021
Add Chapter, Tue May 25 17:24:16 EEST 2021
Add Chapter, Tue May 25 17:24:16 EEST 2021
Add Chapter, Tue May 25 17:24:16 EEST 2021
Add Quiz, Tue May 25 17:24:16 EEST 2021
Add Quiz, Tue May 25 17:24:16 EEST 2021
Add Chapter, Tue May 25 17:25:20 EEST 2021
Add Chapter, Tue May 25 17:25:20 EEST 2021
Add Quiz, Tue May 25 17:25:20 EEST 2021
Add Quiz, Tue May 25 17:25:20 EEST 2021
Add Chapter, Tue May 25 17:25:20 EEST 2021
Add Chapter, Tue May 25 17:25:20 EEST 2021
Add Chapter, Tue May 25 17:25:20 EEST 2021
Add Chapter, Tue May 25 17:25:20 EEST 2021
Add Chapter, Tue May 25 17:25:20 EEST 2021
Add Quiz, Tue May 25 17:25:20 EEST 2021
Add Quiz, Tue May 25 17:25:20 EEST 2021
Add Chapter, Tue May 25 17:25:50 EEST 2021
Add Chapter, Tue May 25 17:25:50 EEST 2021
Add Quiz, Tue May 25 17:25:50 EEST 2021
Add Quiz, Tue May 25 17:25:50 EEST 2021
Add Chapter, Tue May 25 17:25:50 EEST 2021
Add Chapter, Tue May 25 17:25:50 EEST 2021
Add Chapter, Tue May 25 17:25:50 EEST 2021
Add Chapter, Tue May 25 17:25:50 EEST 2021
Add Chapter, Tue May 25 17:25:50 EEST 2021
Add Quiz, Tue May 25 17:25:50 EEST 2021
Add Quiz, Tue May 25 17:25:50 EEST 2021
Add Chapter, Tue May 25 17:27:22 EEST 2021
Add Chapter, Tue May 25 17:27:22 EEST 2021
Add Quiz, Tue May 25 17:27:22 EEST 2021
Add Quiz, Tue May 25 17:27:22 EEST 2021
Add Chapter, Tue May 25 17:27:22 EEST 2021
Add Chapter, Tue May 25 17:27:22 EEST 2021
Add Chapter, Tue May 25 17:27:22 EEST 2021
Add Chapter, Tue May 25 17:27:22 EEST 2021
Add Chapter, Tue May 25 17:27:22 EEST 2021
Add Quiz, Tue May 25 17:27:22 EEST 2021
Add Quiz, Tue May 25 17:27:22 EEST 2021
Add Chapter, Tue May 25 17:27:45 EEST 2021
Add Chapter, Tue May 25 17:27:45 EEST 2021
Add Quiz, Tue May 25 17:27:45 EEST 2021
Add Quiz, Tue May 25 17:27:45 EEST 2021
Add Chapter, Tue May 25 17:27:45 EEST 2021
Add Chapter, Tue May 25 17:27:45 EEST 2021
Add Chapter, Tue May 25 17:27:45 EEST 2021
Add Chapter, Tue May 25 17:27:45 EEST 2021
Add Chapter, Tue May 25 17:27:45 EEST 2021
Add Quiz, Tue May 25 17:27:45 EEST 2021
Add Quiz, Tue May 25 17:27:45 EEST 2021
Add Chapter, Tue May 25 17:31:56 EEST 2021
Add Chapter, Tue May 25 17:31:56 EEST 2021
Add Quiz, Tue May 25 17:31:56 EEST 2021
Add Quiz, Tue May 25 17:31:56 EEST 2021
Add Chapter, Tue May 25 17:31:56 EEST 2021
Add Chapter, Tue May 25 17:31:56 EEST 2021
Add Chapter, Tue May 25 17:31:56 EEST 2021
Add Chapter, Tue May 25 17:31:56 EEST 2021
Add Chapter, Tue May 25 17:31:56 EEST 2021
Add Quiz, Tue May 25 17:31:56 EEST 2021
Add Quiz, Tue May 25 17:31:56 EEST 2021
Add Chapter, Tue May 25 17:33:31 EEST 2021
Add Chapter, Tue May 25 17:33:31 EEST 2021
Add Quiz, Tue May 25 17:33:31 EEST 2021
Add Quiz, Tue May 25 17:33:31 EEST 2021
Add Chapter, Tue May 25 17:33:31 EEST 2021
Add Chapter, Tue May 25 17:33:31 EEST 2021
Add Chapter, Tue May 25 17:33:31 EEST 2021
Add Chapter, Tue May 25 17:33:31 EEST 2021
Add Chapter, Tue May 25 17:33:31 EEST 2021
Add Quiz, Tue May 25 17:33:31 EEST 2021
Add Quiz, Tue May 25 17:33:31 EEST 2021
Add Chapter, Tue May 25 17:39:24 EEST 2021
Add Chapter, Tue May 25 17:39:24 EEST 2021
Add Quiz, Tue May 25 17:39:24 EEST 2021
Add Quiz, Tue May 25 17:39:24 EEST 2021
Add Chapter, Tue May 25 17:39:24 EEST 2021
Add Chapter, Tue May 25 17:39:24 EEST 2021
Add Chapter, Tue May 25 17:39:24 EEST 2021
Add Chapter, Tue May 25 17:39:24 EEST 2021
Add Chapter, Tue May 25 17:39:24 EEST 2021
Add Quiz, Tue May 25 17:39:24 EEST 2021
Add Quiz, Tue May 25 17:39:24 EEST 2021
Show Chapters, Tue May 25 17:40:00 EEST 2021
Add Chapter, Tue May 25 17:40:37 EEST 2021
Add Chapter, Tue May 25 17:40:37 EEST 2021
Add Quiz, Tue May 25 17:40:37 EEST 2021
Add Quiz, Tue May 25 17:40:37 EEST 2021
Add Chapter, Tue May 25 17:40:37 EEST 2021
Add Chapter, Tue May 25 17:40:37 EEST 2021
Add Chapter, Tue May 25 17:40:37 EEST 2021
Add Chapter, Tue May 25 17:40:37 EEST 2021
Add Chapter, Tue May 25 17:40:37 EEST 2021
Add Quiz, Tue May 25 17:40:37 EEST 2021
Add Quiz, Tue May 25 17:40:37 EEST 2021
Show Content, Tue May 25 17:40:50 EEST 2021
Add Chapter, Tue May 25 17:41:41 EEST 2021
Add Chapter, Tue May 25 17:41:41 EEST 2021
Add Quiz, Tue May 25 17:41:41 EEST 2021
Add Quiz, Tue May 25 17:41:41 EEST 2021
Add Chapter, Tue May 25 17:41:41 EEST 2021
Add Chapter, Tue May 25 17:41:41 EEST 2021
Add Chapter, Tue May 25 17:41:41 EEST 2021
Add Chapter, Tue May 25 17:41:41 EEST 2021
Add Chapter, Tue May 25 17:41:41 EEST 2021
Add Quiz, Tue May 25 17:41:41 EEST 2021
Add Quiz, Tue May 25 17:41:41 EEST 2021
Add Chapter, Tue May 25 17:41:59 EEST 2021
Add Chapter, Tue May 25 17:41:59 EEST 2021
Add Quiz, Tue May 25 17:41:59 EEST 2021
Add Quiz, Tue May 25 17:41:59 EEST 2021
Add Chapter, Tue May 25 17:41:59 EEST 2021
Add Chapter, Tue May 25 17:41:59 EEST 2021
Add Chapter, Tue May 25 17:41:59 EEST 2021
Add Chapter, Tue May 25 17:41:59 EEST 2021
Add Chapter, Tue May 25 17:41:59 EEST 2021
Add Quiz, Tue May 25 17:41:59 EEST 2021
Add Quiz, Tue May 25 17:41:59 EEST 2021
Add Chapter, Tue May 25 17:42:55 EEST 2021
Add Chapter, Tue May 25 17:42:55 EEST 2021
Add Quiz, Tue May 25 17:42:55 EEST 2021
Add Quiz, Tue May 25 17:42:55 EEST 2021
Add Chapter, Tue May 25 17:42:55 EEST 2021
Add Chapter, Tue May 25 17:42:55 EEST 2021
Add Chapter, Tue May 25 17:42:55 EEST 2021
Add Chapter, Tue May 25 17:42:55 EEST 2021
Add Chapter, Tue May 25 17:42:55 EEST 2021
Add Quiz, Tue May 25 17:42:55 EEST 2021
Add Quiz, Tue May 25 17:42:55 EEST 2021
Show Content, Tue May 25 17:43:14 EEST 2021
Show Content, Tue May 25 17:43:18 EEST 2021
Add Chapter, Tue May 25 17:44:51 EEST 2021
Add Chapter, Tue May 25 17:44:51 EEST 2021
Add Quiz, Tue May 25 17:44:51 EEST 2021
Add Quiz, Tue May 25 17:44:51 EEST 2021
Add Chapter, Tue May 25 17:44:51 EEST 2021
Add Chapter, Tue May 25 17:44:51 EEST 2021
Add Chapter, Tue May 25 17:44:51 EEST 2021
Add Chapter, Tue May 25 17:44:51 EEST 2021
Add Chapter, Tue May 25 17:44:51 EEST 2021
Add Quiz, Tue May 25 17:44:51 EEST 2021
Add Quiz, Tue May 25 17:44:51 EEST 2021
Add Chapter, Tue May 25 17:46:53 EEST 2021
Add Chapter, Tue May 25 17:46:53 EEST 2021
Add Quiz, Tue May 25 17:46:53 EEST 2021
Add Quiz, Tue May 25 17:46:53 EEST 2021
Add Chapter, Tue May 25 17:46:53 EEST 2021
Add Chapter, Tue May 25 17:46:53 EEST 2021
Add Chapter, Tue May 25 17:46:53 EEST 2021
Add Chapter, Tue May 25 17:46:53 EEST 2021
Add Chapter, Tue May 25 17:46:53 EEST 2021
Add Quiz, Tue May 25 17:46:53 EEST 2021
Add Quiz, Tue May 25 17:46:53 EEST 2021
Add Chapter, Tue May 25 18:06:02 EEST 2021
Add Chapter, Tue May 25 18:06:02 EEST 2021
Add Quiz, Tue May 25 18:06:02 EEST 2021
Add Quiz, Tue May 25 18:06:02 EEST 2021
Add Chapter, Tue May 25 18:06:02 EEST 2021
Add Chapter, Tue May 25 18:06:02 EEST 2021
Add Chapter, Tue May 25 18:06:02 EEST 2021
Add Chapter, Tue May 25 18:06:02 EEST 2021
Add Chapter, Tue May 25 18:06:02 EEST 2021
Add Quiz, Tue May 25 18:06:02 EEST 2021
Add Quiz, Tue May 25 18:06:02 EEST 2021
Add Chapter, Tue May 25 18:06:13 EEST 2021
Add Chapter, Tue May 25 18:06:13 EEST 2021
Add Quiz, Tue May 25 18:06:13 EEST 2021
Add Quiz, Tue May 25 18:06:13 EEST 2021
Add Chapter, Tue May 25 18:06:13 EEST 2021
Add Chapter, Tue May 25 18:06:13 EEST 2021
Add Chapter, Tue May 25 18:06:13 EEST 2021
Add Chapter, Tue May 25 18:06:13 EEST 2021
Add Chapter, Tue May 25 18:06:13 EEST 2021
Add Quiz, Tue May 25 18:06:13 EEST 2021
Add Quiz, Tue May 25 18:06:13 EEST 2021
Add Chapter, Tue May 25 18:06:30 EEST 2021
Add Chapter, Tue May 25 18:06:30 EEST 2021
Add Quiz, Tue May 25 18:06:30 EEST 2021
Add Quiz, Tue May 25 18:06:30 EEST 2021
Add Chapter, Tue May 25 18:06:30 EEST 2021
Add Chapter, Tue May 25 18:06:30 EEST 2021
Add Chapter, Tue May 25 18:06:30 EEST 2021
Add Chapter, Tue May 25 18:06:30 EEST 2021
Add Chapter, Tue May 25 18:06:30 EEST 2021
Add Quiz, Tue May 25 18:06:30 EEST 2021
Add Quiz, Tue May 25 18:06:30 EEST 2021
Add Chapter, Tue May 25 18:12:33 EEST 2021
Add Chapter, Tue May 25 18:12:33 EEST 2021
Add Quiz, Tue May 25 18:12:33 EEST 2021
Add Quiz, Tue May 25 18:12:33 EEST 2021
Add Chapter, Tue May 25 18:12:33 EEST 2021
Add Chapter, Tue May 25 18:12:33 EEST 2021
Add Chapter, Tue May 25 18:12:33 EEST 2021
Add Chapter, Tue May 25 18:12:33 EEST 2021
Add Chapter, Tue May 25 18:12:33 EEST 2021
Add Quiz, Tue May 25 18:12:33 EEST 2021
Add Quiz, Tue May 25 18:12:33 EEST 2021
Add Chapter, Tue May 25 18:17:16 EEST 2021
Add Chapter, Tue May 25 18:17:16 EEST 2021
Add Quiz, Tue May 25 18:17:16 EEST 2021
Add Quiz, Tue May 25 18:17:16 EEST 2021
Add Chapter, Tue May 25 18:17:16 EEST 2021
Add Chapter, Tue May 25 18:17:16 EEST 2021
Add Chapter, Tue May 25 18:17:16 EEST 2021
Add Chapter, Tue May 25 18:17:16 EEST 2021
Add Chapter, Tue May 25 18:17:16 EEST 2021
Add Quiz, Tue May 25 18:17:16 EEST 2021
Add Quiz, Tue May 25 18:17:16 EEST 2021
Show History, Tue May 25 18:18:39 EEST 2021
Show History, Tue May 25 18:18:44 EEST 2021
Show History, Tue May 25 18:20:18 EEST 2021
Add Chapter, Tue May 25 18:21:16 EEST 2021
Add Chapter, Tue May 25 18:21:16 EEST 2021
Add Quiz, Tue May 25 18:21:16 EEST 2021
Add Quiz, Tue May 25 18:21:16 EEST 2021
Add Chapter, Tue May 25 18:21:16 EEST 2021
Add Chapter, Tue May 25 18:21:16 EEST 2021
Add Chapter, Tue May 25 18:21:16 EEST 2021
Add Chapter, Tue May 25 18:21:16 EEST 2021
Add Chapter, Tue May 25 18:21:16 EEST 2021
Add Quiz, Tue May 25 18:21:16 EEST 2021
Add Quiz, Tue May 25 18:21:16 EEST 2021
Add Chapter, Tue May 25 18:22:20 EEST 2021
Add Chapter, Tue May 25 18:22:20 EEST 2021
Add Quiz, Tue May 25 18:22:20 EEST 2021
Add Quiz, Tue May 25 18:22:20 EEST 2021
Add Chapter, Tue May 25 18:22:20 EEST 2021
Add Chapter, Tue May 25 18:22:20 EEST 2021
Add Chapter, Tue May 25 18:22:20 EEST 2021
Add Chapter, Tue May 25 18:22:20 EEST 2021
Add Chapter, Tue May 25 18:22:20 EEST 2021
Add Quiz, Tue May 25 18:22:20 EEST 2021
Add Quiz, Tue May 25 18:22:20 EEST 2021
Add Chapter, Tue May 25 18:24:33 EEST 2021
Add Chapter, Tue May 25 18:24:33 EEST 2021
Add Quiz, Tue May 25 18:24:33 EEST 2021
Add Quiz, Tue May 25 18:24:33 EEST 2021
Add Chapter, Tue May 25 18:24:33 EEST 2021
Add Chapter, Tue May 25 18:24:33 EEST 2021
Add Chapter, Tue May 25 18:24:33 EEST 2021
Add Chapter, Tue May 25 18:24:33 EEST 2021
Add Chapter, Tue May 25 18:24:33 EEST 2021
Add Quiz, Tue May 25 18:24:33 EEST 2021
Add Quiz, Tue May 25 18:24:33 EEST 2021
Add Course, Tue May 25 18:25:02 EEST 2021
Show History, Tue May 25 18:25:17 EEST 2021
Add Chapter, Tue May 25 18:27:29 EEST 2021
Add Chapter, Tue May 25 18:27:29 EEST 2021
Add Quiz, Tue May 25 18:27:29 EEST 2021
Add Quiz, Tue May 25 18:27:29 EEST 2021
Add Chapter, Tue May 25 18:27:29 EEST 2021
Add Chapter, Tue May 25 18:27:29 EEST 2021
Add Chapter, Tue May 25 18:27:29 EEST 2021
Add Chapter, Tue May 25 18:27:29 EEST 2021
Add Chapter, Tue May 25 18:27:29 EEST 2021
Add Quiz, Tue May 25 18:27:29 EEST 2021
Add Quiz, Tue May 25 18:27:29 EEST 2021
Add Chapter, Tue May 25 18:31:06 EEST 2021
Add Chapter, Tue May 25 18:31:06 EEST 2021
Add Quiz, Tue May 25 18:31:06 EEST 2021
Add Quiz, Tue May 25 18:31:06 EEST 2021
Add Chapter, Tue May 25 18:31:06 EEST 2021
Add Chapter, Tue May 25 18:31:06 EEST 2021
Add Chapter, Tue May 25 18:31:06 EEST 2021
Add Chapter, Tue May 25 18:31:06 EEST 2021
Add Chapter, Tue May 25 18:31:06 EEST 2021
Add Quiz, Tue May 25 18:31:06 EEST 2021
Add Quiz, Tue May 25 18:31:06 EEST 2021
Add Course, Tue May 25 18:31:58 EEST 2021
Show History, Tue May 25 18:32:12 EEST 2021
Show Chapters, Tue May 25 18:32:49 EEST 2021
Show Content, Tue May 25 18:33:05 EEST 2021
Add Chapter, Wed May 26 15:00:02 EEST 2021
Add Chapter, Wed May 26 15:00:02 EEST 2021
Add Quiz, Wed May 26 15:00:02 EEST 2021
Add Quiz, Wed May 26 15:00:02 EEST 2021
Add Chapter, Wed May 26 15:00:02 EEST 2021
Add Chapter, Wed May 26 15:00:02 EEST 2021
Add Chapter, Wed May 26 15:00:02 EEST 2021
Add Chapter, Wed May 26 15:00:02 EEST 2021
Add Chapter, Wed May 26 15:00:02 EEST 2021
Add Quiz, Wed May 26 15:00:02 EEST 2021
Add Quiz, Wed May 26 15:00:02 EEST 2021
Add Chapter, Wed May 26 15:01:30 EEST 2021
Add Chapter, Wed May 26 15:01:30 EEST 2021
Add Quiz, Wed May 26 15:01:30 EEST 2021
Add Quiz, Wed May 26 15:01:30 EEST 2021
Add Chapter, Wed May 26 15:01:30 EEST 2021
Add Chapter, Wed May 26 15:01:30 EEST 2021
Add Chapter, Wed May 26 15:01:30 EEST 2021
Add Chapter, Wed May 26 15:01:30 EEST 2021
Add Chapter, Wed May 26 15:01:30 EEST 2021
Add Quiz, Wed May 26 15:01:30 EEST 2021
Add Quiz, Wed May 26 15:01:30 EEST 2021
Add Chapter, Wed May 26 15:14:01 EEST 2021
Add Chapter, Wed May 26 15:14:01 EEST 2021
Add Quiz, Wed May 26 15:14:01 EEST 2021
Add Quiz, Wed May 26 15:14:01 EEST 2021
Add Chapter, Wed May 26 15:14:01 EEST 2021
Add Chapter, Wed May 26 15:14:01 EEST 2021
Add Chapter, Wed May 26 15:14:01 EEST 2021
Add Chapter, Wed May 26 15:14:01 EEST 2021
Add Chapter, Wed May 26 15:14:01 EEST 2021
Add Quiz, Wed May 26 15:14:01 EEST 2021
Add Quiz, Wed May 26 15:14:01 EEST 2021
Add Chapter, Wed May 26 15:16:27 EEST 2021
Add Chapter, Wed May 26 15:16:27 EEST 2021
Add Quiz, Wed May 26 15:16:27 EEST 2021
Add Quiz, Wed May 26 15:16:27 EEST 2021
Add Chapter, Wed May 26 15:16:27 EEST 2021
Add Chapter, Wed May 26 15:16:27 EEST 2021
Add Chapter, Wed May 26 15:16:27 EEST 2021
Add Chapter, Wed May 26 15:16:27 EEST 2021
Add Chapter, Wed May 26 15:16:27 EEST 2021
Add Quiz, Wed May 26 15:16:27 EEST 2021
Add Quiz, Wed May 26 15:16:27 EEST 2021
Add Chapter, Wed May 26 18:08:02 EEST 2021
Add Chapter, Wed May 26 18:08:02 EEST 2021
Add Quiz, Wed May 26 18:08:02 EEST 2021
Add Quiz, Wed May 26 18:08:02 EEST 2021
Add Chapter, Wed May 26 18:08:02 EEST 2021
Add Chapter, Wed May 26 18:08:02 EEST 2021
Add Chapter, Wed May 26 18:08:02 EEST 2021
Add Chapter, Wed May 26 18:08:02 EEST 2021
Add Chapter, Wed May 26 18:08:02 EEST 2021
Add Quiz, Wed May 26 18:08:02 EEST 2021
Add Quiz, Wed May 26 18:08:02 EEST 2021
Add Chapter, Wed May 26 18:08:12 EEST 2021
Add Chapter, Wed May 26 18:08:12 EEST 2021
Add Quiz, Wed May 26 18:08:12 EEST 2021
Add Quiz, Wed May 26 18:08:12 EEST 2021
Add Chapter, Wed May 26 18:08:12 EEST 2021
Add Chapter, Wed May 26 18:08:12 EEST 2021
Add Chapter, Wed May 26 18:08:12 EEST 2021
Add Chapter, Wed May 26 18:08:12 EEST 2021
Add Chapter, Wed May 26 18:08:12 EEST 2021
Add Quiz, Wed May 26 18:08:12 EEST 2021
Add Quiz, Wed May 26 18:08:12 EEST 2021
Add Course, Wed May 26 18:08:51 EEST 2021
Show History, Wed May 26 18:09:18 EEST 2021
Show Chapters, Wed May 26 18:09:26 EEST 2021
Add Chapter, Wed May 26 18:10:48 EEST 2021
Add Chapter, Wed May 26 18:10:48 EEST 2021
Add Quiz, Wed May 26 18:10:48 EEST 2021
Add Quiz, Wed May 26 18:10:48 EEST 2021
Add Chapter, Wed May 26 18:10:48 EEST 2021
Add Chapter, Wed May 26 18:10:48 EEST 2021
Add Chapter, Wed May 26 18:10:48 EEST 2021
Add Chapter, Wed May 26 18:10:48 EEST 2021
Add Chapter, Wed May 26 18:10:48 EEST 2021
Add Quiz, Wed May 26 18:10:48 EEST 2021
Add Quiz, Wed May 26 18:10:48 EEST 2021
Add Chapter, Thu May 27 09:07:01 EEST 2021
Add Chapter, Thu May 27 09:07:01 EEST 2021
Add Quiz, Thu May 27 09:07:01 EEST 2021
Add Quiz, Thu May 27 09:07:01 EEST 2021
Add Chapter, Thu May 27 09:07:01 EEST 2021
Add Chapter, Thu May 27 09:07:01 EEST 2021
Add Chapter, Thu May 27 09:07:01 EEST 2021
Add Chapter, Thu May 27 09:07:01 EEST 2021
Add Chapter, Thu May 27 09:07:01 EEST 2021
Add Quiz, Thu May 27 09:07:01 EEST 2021
Add Quiz, Thu May 27 09:07:01 EEST 2021
Show Chapters, Thu May 27 09:08:41 EEST 2021
Show Content, Thu May 27 09:08:50 EEST 2021
Add Course, Thu May 27 09:10:20 EEST 2021
Add Course, Thu May 27 09:11:54 EEST 2021
Add Chapter, Thu May 27 09:12:52 EEST 2021
Add Chapter, Thu May 27 09:12:52 EEST 2021
Add Quiz, Thu May 27 09:12:52 EEST 2021
Add Quiz, Thu May 27 09:12:52 EEST 2021
Add Chapter, Thu May 27 09:12:52 EEST 2021
Add Chapter, Thu May 27 09:12:52 EEST 2021
Add Chapter, Thu May 27 09:12:52 EEST 2021
Add Chapter, Thu May 27 09:12:52 EEST 2021
Add Chapter, Thu May 27 09:12:52 EEST 2021
Add Quiz, Thu May 27 09:12:52 EEST 2021
Add Quiz, Thu May 27 09:12:52 EEST 2021
